<?xml version="1.0" encoding="UTF-8"?>
<?xml-stylesheet type="text/xsl" href="../../../resources/logs/view-chat.xsl"?>
<!DOCTYPE ALLOW_HTML_ENTITIES [ <!ENTITY % HTMLlat1 PUBLIC "-//W3C//ENTITIES Latin1//EN//HTML"   "../resources/DTD/xhtml-lat1.ent"> %HTMLlat1; <!ENTITY % HTMLsymbol PUBLIC   "-//W3C//ENTITIES Symbols//EN//HTML"   "../resources/DTD/xhtml-symbol.ent"> %HTMLsymbol; <!ENTITY % HTMLspecial PUBLIC   "-//W3C//ENTITIES Special//EN//HTML"   "../resources/DTD/xhtml-special.ent"> %HTMLspecial; ]>
<exchanges>
    <exchange>
        <timestamp>2002-06-06 16:59:59</timestamp>
        <userid>gandia</userid>
        <clientname>user</clientname>
        <botid>TestBot-4</botid>
        <input>CONNECT</input>
        <response>Hello there user and thanks for connecting!</response>
    </exchange>
    <exchange>
        <timestamp>2002-06-06 17:00:15</timestamp>
        <userid>gandia</userid>
        <clientname>user</clientname>
        <botid>TestBot-4</botid>
        <input>who are you?</input>
        <response>who are me</response>
    </exchange>
    <exchange>
        <timestamp>2002-06-06 17:00:24</timestamp>
        <userid>gandia</userid>
        <clientname>user</clientname>
        <botid>TestBot-4</botid>
        <input>yes, you</input>
        <response>Sorry? Sorry?</response>
    </exchange>
    <exchange>
        <timestamp>2002-06-06 17:00:33</timestamp>
        <userid>gandia</userid>
        <clientname>user</clientname>
        <botid>TestBot-4</botid>
        <input>yes you</input>
        <response>yes me</response>
    </exchange>
    <exchange>
        <timestamp>2002-06-06 17:00:37</timestamp>
        <userid>gandia</userid>
        <clientname>user</clientname>
        <botid>TestBot-4</botid>
        <input>yes you</input>
        <response>Sorry?</response>
    </exchange>
    <exchange>
        <timestamp>2002-06-06 17:00:40</timestamp>
        <userid>gandia</userid>
        <clientname>user</clientname>
        <botid>TestBot-4</botid>
        <input>yes you</input>
        <response>yes me</response>
    </exchange>
    <exchange>
        <timestamp>2002-06-06 17:03:09</timestamp>
        <userid>gandia</userid>
        <clientname>user</clientname>
        <botid>TestBot-4</botid>
        <input>I am I and you are you</input>
        <response>Sorry?</response>
    </exchange>
    <exchange>
        <timestamp>2002-06-06 17:03:14</timestamp>
        <userid>gandia</userid>
        <clientname>user</clientname>
        <botid>TestBot-4</botid>
        <input>I am I and you are you</input>
        <response>you are I and me are you</response>
    </exchange>
    <exchange>
        <timestamp>2002-06-06 17:30:40</timestamp>
        <userid>gandia</userid>
        <clientname>user</clientname>
        <botid>TestBot-4</botid>
        <input>CONNECT</input>
        <response>Hello there user and thanks for connecting!</response>
    </exchange>
    <exchange>
        <timestamp>2002-06-06 17:30:46</timestamp>
        <userid>gandia</userid>
        <clientname>user</clientname>
        <botid>TestBot-4</botid>
        <input>nlp</input>
        <response>I do not understand.</response>
    </exchange>
    <exchange>
        <timestamp>2002-06-06 17:31:00</timestamp>
        <userid>gandia</userid>
        <clientname>user</clientname>
        <botid>TestBot-4</botid>
        <input>natural language processing</input>
        <response>Natural language is what artificial intelligences speak.</response>
    </exchange>
    <exchange>
        <timestamp>2002-06-06 17:32:14</timestamp>
        <userid>gandia</userid>
        <clientname>user</clientname>
        <botid>TestBot-4</botid>
        <input>nlp</input>
        <response>Try to determine if this is a person or a computer responding.</response>
    </exchange>
    <exchange>
        <timestamp>2002-06-06 17:32:23</timestamp>
        <userid>gandia</userid>
        <clientname>user</clientname>
        <botid>TestBot-4</botid>
        <input>what is nlp</input>
        <response>Natural Language Processing</response>
    </exchange>
    <exchange>
        <timestamp>2002-06-06 17:32:47</timestamp>
        <userid>gandia</userid>
        <clientname>user</clientname>
        <botid>TestBot-4</botid>
        <input>what is natural language processing</input>
        <response>Natural is that which is not artificial.</response>
    </exchange>
    <exchange>
        <timestamp>2002-06-06 17:37:01</timestamp>
        <userid>gandia</userid>
        <clientname>user</clientname>
        <botid>TestBot-4</botid>
        <input>natural language processing</input>
        <response>Natural language is what artificial intelligences speak.</response>
    </exchange>
    <exchange>
        <timestamp>2002-06-06 17:40:32</timestamp>
        <userid>gandia</userid>
        <clientname>user</clientname>
        <botid>TestBot-4</botid>
        <input> /load aiml\test\test.aiml</input>
        <response>By the way, do you mind if I ask you a personal question? <br/> The ALICE software implements AIML (Artificial Intelligence Markup <br/> Language) a non-standard evolving markup language for creating chat robots.<br/> The primary design feature of AIML is minimalism. Compared with<br/> other chat robot languages, AIML is perhaps the simplest. The<br/> pattern matching language is very simple, for example permitting<br/> only one wild-card ('*') match character per pattern. <br/> <br/> AIML is an XML language, implying that it obeys certain grammatical<br/> meta-rules. The choice of XML syntax permits integration with<br/> other tools such as XML editors. Another motivation for XML is<br/> its familiar look and feel, especially to people with HTML experience.<br/> <br/> An AIML chat robot begins and ends with the &lt;alice&gt; and<br/> &lt;/alice&gt; tags respectively. <br/> <br/></response>
    </exchange>
    <exchange>
        <timestamp>2002-06-06 17:41:59</timestamp>
        <userid>gandia</userid>
        <clientname>user</clientname>
        <botid>TestBot-4</botid>
        <input>I like nlp</input>
        <response>I'm not sure if I like it. I don't know if I like it. I like undefined.</response>
    </exchange>
    <exchange>
        <timestamp>2002-06-06 17:42:09</timestamp>
        <userid>gandia</userid>
        <clientname>user</clientname>
        <botid>TestBot-4</botid>
        <input>I like natural language processing</input>
        <response></response>
    </exchange>
    <exchange>
        <timestamp>2002-06-06 17:46:11</timestamp>
        <userid>gandia</userid>
        <clientname>user</clientname>
        <botid>TestBot-4</botid>
        <input>I like natural language processing</input>
        <response>What do you know about NLP?</response>
    </exchange>
    <exchange>
        <timestamp>2002-06-06 17:46:25</timestamp>
        <userid>gandia</userid>
        <clientname>user</clientname>
        <botid>TestBot-4</botid>
        <input>I like natural language processing</input>
        <response>So you like NLP?</response>
    </exchange>
    <exchange>
        <timestamp>2002-06-06 17:46:32</timestamp>
        <userid>gandia</userid>
        <clientname>user</clientname>
        <botid>TestBot-4</botid>
        <input>Yes, very much</input>
        <response>Tell me more. That seems like a lot.</response>
    </exchange>
    <exchange>
        <timestamp>2002-06-06 17:52:01</timestamp>
        <userid>gandia</userid>
        <clientname>user</clientname>
        <botid>TestBot-4</botid>
        <input>I like ice-cream</input>
        <response>I scream. You scream. We all scream for ice cream.</response>
    </exchange>
    <exchange>
        <timestamp>2002-06-06 17:52:13</timestamp>
        <userid>gandia</userid>
        <clientname>user</clientname>
        <botid>TestBot-4</botid>
        <input>I like swimming.</input>
        <response>You are not the only one. Yes but I have no body yet!</response>
    </exchange>
    <exchange>
        <timestamp>2002-06-06 17:52:47</timestamp>
        <userid>gandia</userid>
        <clientname>user</clientname>
        <botid>TestBot-4</botid>
        <input>I like natural language processing.</input>
        <response>What do you know about NLP?</response>
    </exchange>
    <exchange>
        <timestamp>2002-06-06 17:52:56</timestamp>
        <userid>gandia</userid>
        <clientname>user</clientname>
        <botid>TestBot-4</botid>
        <input>Well, a lot</input>
        <response>Interesting. More than a ton?</response>
    </exchange>
    <exchange>
        <timestamp>2002-06-06 17:53:34</timestamp>
        <userid>gandia</userid>
        <clientname>user</clientname>
        <botid>TestBot-4</botid>
        <input>ha ha</input>
        <response>I am so glad you find this amusing, user.</response>
    </exchange>
    <exchange>
        <timestamp>2002-06-06 17:53:41</timestamp>
        <userid>gandia</userid>
        <clientname>user</clientname>
        <botid>TestBot-4</botid>
        <input>sdh sdjk kas </input>
        <response>Do you think that information extraction is more difficult than answer extraction?</response>
    </exchange>
    <exchange>
        <timestamp>2002-06-06 17:54:09</timestamp>
        <userid>gandia</userid>
        <clientname>user</clientname>
        <botid>TestBot-4</botid>
        <input>wow, that&apos;s a tough question</input>
        <response>I'm glad you're impressed. Perhaps you have a tough answer.</response>
    </exchange>
    <exchange>
        <timestamp>2002-06-06 17:57:22</timestamp>
        <userid>gandia</userid>
        <clientname>user</clientname>
        <botid>TestBot-4</botid>
        <input>CONNECT</input>
        <response>Hello there user and thanks for connecting!</response>
    </exchange>
    <exchange>
        <timestamp>2002-06-06 17:57:36</timestamp>
        <userid>gandia</userid>
        <clientname>user</clientname>
        <botid>TestBot-4</botid>
        <input>Do you like natura language processing?</input>
        <response>But I like to gossip. I like to talk about movies and music.</response>
    </exchange>
    <exchange>
        <timestamp>2002-06-06 17:57:53</timestamp>
        <userid>gandia</userid>
        <clientname>user</clientname>
        <botid>TestBot-4</botid>
        <input>I like natural language processing</input>
        <response>You are not the only one. But I like cats. I like undefined.</response>
    </exchange>
    <exchange>
        <timestamp>2002-06-06 17:58:18</timestamp>
        <userid>gandia</userid>
        <clientname>user</clientname>
        <botid>TestBot-4</botid>
        <input>natural language processing</input>
        <response>Natural language is what artificial intelligences speak.</response>
    </exchange>
    <exchange>
        <timestamp>2002-06-06 18:09:49</timestamp>
        <userid>gandia</userid>
        <clientname>user</clientname>
        <botid>TestBot-4</botid>
        <input>CONNECT</input>
        <response>Hello there user and thanks for connecting!</response>
    </exchange>
    <exchange>
        <timestamp>2002-06-06 18:11:04</timestamp>
        <userid>gandia</userid>
        <clientname>user</clientname>
        <botid>TestBot-4</botid>
        <input>can you tell me about natural language processing please</input>
        <response></response>
    </exchange>
    <exchange>
        <timestamp>2002-06-06 18:19:57</timestamp>
        <userid>gandia</userid>
        <clientname>user</clientname>
        <botid>TestBot-4</botid>
        <input>Hu there</input>
        <response></response>
    </exchange>
    <exchange>
        <timestamp>2002-06-06 18:20:14</timestamp>
        <userid>gandia</userid>
        <clientname>user</clientname>
        <botid>TestBot-4</botid>
        <input>CONNECT</input>
        <response>Hello there user and thanks for connecting!</response>
    </exchange>
    <exchange>
        <timestamp>2002-06-06 18:20:22</timestamp>
        <userid>gandia</userid>
        <clientname>user</clientname>
        <botid>TestBot-4</botid>
        <input>hi there</input>
        <response></response>
    </exchange>
    <exchange>
        <timestamp>2002-06-06 18:21:38</timestamp>
        <userid>gandia</userid>
        <clientname>user</clientname>
        <botid>TestBot-4</botid>
        <input>I like nlp</input>
        <response>What do you know about NLP?</response>
    </exchange>
    <exchange>
        <timestamp>2002-06-06 18:22:14</timestamp>
        <userid>gandia</userid>
        <clientname>user</clientname>
        <botid>TestBot-4</botid>
        <input>whatever</input>
        <response>Do you think that information extraction is more difficult than answer extraction?</response>
    </exchange>
    <exchange>
        <timestamp>2002-06-06 18:23:42</timestamp>
        <userid>gandia</userid>
        <clientname>user</clientname>
        <botid>TestBot-4</botid>
        <input>CONNECT</input>
        <response>Hello there user and thanks for connecting!</response>
    </exchange>
    <exchange>
        <timestamp>2002-06-06 18:23:47</timestamp>
        <userid>gandia</userid>
        <clientname>user</clientname>
        <botid>TestBot-4</botid>
        <input>whatever</input>
        <response>What is your favourite NLP program?</response>
    </exchange>
    <exchange>
        <timestamp>2002-06-06 18:24:14</timestamp>
        <userid>gandia</userid>
        <clientname>user</clientname>
        <botid>TestBot-4</botid>
        <input>I like nlp</input>
        <response>What do you know about NLP?</response>
    </exchange>
    <exchange>
        <timestamp>2002-06-06 18:29:34</timestamp>
        <userid>gandia</userid>
        <clientname>user</clientname>
        <botid>TestBot-4</botid>
        <input>can you please tell me how to run a command</input>
        <response>Do you think that information extraction is more difficult than answer extraction?</response>
    </exchange>
    <exchange>
        <timestamp>2002-06-06 18:31:52</timestamp>
        <userid>gandia</userid>
        <clientname>user</clientname>
        <botid>TestBot-4</botid>
        <input>can you please tell me how to run this</input>
        <response>What is your favourite NLP program?</response>
    </exchange>
    <exchange>
        <timestamp>2002-06-06 18:33:42</timestamp>
        <userid>gandia</userid>
        <clientname>user</clientname>
        <botid>TestBot-4</botid>
        <input>hi</input>
        <response>Do you think that information extraction is more difficult than answer extraction?</response>
    </exchange>
    <exchange>
        <timestamp>2002-06-06 18:33:44</timestamp>
        <userid>gandia</userid>
        <clientname>user</clientname>
        <botid>TestBot-4</botid>
        <input>hi</input>
        <response>What is your favourite NLP program?</response>
    </exchange>
    <exchange>
        <timestamp>2002-06-06 18:33:46</timestamp>
        <userid>gandia</userid>
        <clientname>user</clientname>
        <botid>TestBot-4</botid>
        <input>hi</input>
        <response>Do you think that information extraction is more difficult than answer extraction?</response>
    </exchange>
    <exchange>
        <timestamp>2002-06-06 18:33:48</timestamp>
        <userid>gandia</userid>
        <clientname>user</clientname>
        <botid>TestBot-4</botid>
        <input>hi</input>
        <response>What is your favourite NLP program?</response>
    </exchange>
    <exchange>
        <timestamp>2002-06-06 18:33:53</timestamp>
        <userid>gandia</userid>
        <clientname>user</clientname>
        <botid>TestBot-4</botid>
        <input>hi</input>
        <response>Do you think that information extraction is more difficult than answer extraction?</response>
    </exchange>
    <exchange>
        <timestamp>2002-06-06 18:33:55</timestamp>
        <userid>gandia</userid>
        <clientname>user</clientname>
        <botid>TestBot-4</botid>
        <input>hi</input>
        <response>What is your favourite NLP program?</response>
    </exchange>
    <exchange>
        <timestamp>2002-06-06 18:33:56</timestamp>
        <userid>gandia</userid>
        <clientname>user</clientname>
        <botid>TestBot-4</botid>
        <input>hi</input>
        <response>Do you think that information extraction is more difficult than answer extraction?</response>
    </exchange>
    <exchange>
        <timestamp>2002-06-06 18:33:57</timestamp>
        <userid>gandia</userid>
        <clientname>user</clientname>
        <botid>TestBot-4</botid>
        <input>hi</input>
        <response>What is your favourite NLP program?</response>
    </exchange>
    <exchange>
        <timestamp>2002-06-06 18:33:58</timestamp>
        <userid>gandia</userid>
        <clientname>user</clientname>
        <botid>TestBot-4</botid>
        <input>hi</input>
        <response>What is your favourite NLP program?</response>
    </exchange>
    <exchange>
        <timestamp>2002-06-06 18:33:58</timestamp>
        <userid>gandia</userid>
        <clientname>user</clientname>
        <botid>TestBot-4</botid>
        <input>hi</input>
        <response>Do you think that information extraction is more difficult than answer extraction?</response>
    </exchange>
    <exchange>
        <timestamp>2002-06-06 18:34:01</timestamp>
        <userid>gandia</userid>
        <clientname>user</clientname>
        <botid>TestBot-4</botid>
        <input>hi</input>
        <response>Do you think that information extraction is more difficult than answer extraction?</response>
    </exchange>
    <exchange>
        <timestamp>2002-06-06 18:34:02</timestamp>
        <userid>gandia</userid>
        <clientname>user</clientname>
        <botid>TestBot-4</botid>
        <input>hi</input>
        <response>What is your favourite NLP program?</response>
    </exchange>
    <exchange>
        <timestamp>2002-06-06 18:34:03</timestamp>
        <userid>gandia</userid>
        <clientname>user</clientname>
        <botid>TestBot-4</botid>
        <input>hi</input>
        <response>What is your favourite NLP program?</response>
    </exchange>
    <exchange>
        <timestamp>2002-06-06 18:34:03</timestamp>
        <userid>gandia</userid>
        <clientname>user</clientname>
        <botid>TestBot-4</botid>
        <input>hi</input>
        <response>What is your favourite NLP program?</response>
    </exchange>
    <exchange>
        <timestamp>2002-06-06 18:34:04</timestamp>
        <userid>gandia</userid>
        <clientname>user</clientname>
        <botid>TestBot-4</botid>
        <input>hi</input>
        <response>Do you think that information extraction is more difficult than answer extraction?</response>
    </exchange>
    <exchange>
        <timestamp>2002-06-06 18:34:06</timestamp>
        <userid>gandia</userid>
        <clientname>user</clientname>
        <botid>TestBot-4</botid>
        <input>hi</input>
        <response>What is your favourite NLP program?</response>
    </exchange>
    <exchange>
        <timestamp>2002-06-06 18:34:08</timestamp>
        <userid>gandia</userid>
        <clientname>user</clientname>
        <botid>TestBot-4</botid>
        <input>hi</input>
        <response>Do you think that information extraction is more difficult than answer extraction?</response>
    </exchange>
    <exchange>
        <timestamp>2002-06-06 18:37:06</timestamp>
        <userid>gandia</userid>
        <clientname>user</clientname>
        <botid>TestBot-4</botid>
        <input>hi</input>
        <response>What is your favourite NLP program?</response>
    </exchange>
    <exchange>
        <timestamp>2002-06-06 18:37:08</timestamp>
        <userid>gandia</userid>
        <clientname>user</clientname>
        <botid>TestBot-4</botid>
        <input>hi</input>
        <response>What is your favourite NLP program?</response>
    </exchange>
    <exchange>
        <timestamp>2002-06-06 18:37:10</timestamp>
        <userid>gandia</userid>
        <clientname>user</clientname>
        <botid>TestBot-4</botid>
        <input>hi</input>
        <response>What is your favourite NLP program?</response>
    </exchange>
    <exchange>
        <timestamp>2002-06-06 18:37:11</timestamp>
        <userid>gandia</userid>
        <clientname>user</clientname>
        <botid>TestBot-4</botid>
        <input>hi</input>
        <response>Do you think that information extraction is more difficult than answer extraction?</response>
    </exchange>
    <exchange>
        <timestamp>2002-06-06 18:37:12</timestamp>
        <userid>gandia</userid>
        <clientname>user</clientname>
        <botid>TestBot-4</botid>
        <input>hi</input>
        <response>What is your favourite NLP program?</response>
    </exchange>
    <exchange>
        <timestamp>2002-06-06 18:37:13</timestamp>
        <userid>gandia</userid>
        <clientname>user</clientname>
        <botid>TestBot-4</botid>
        <input>hi</input>
        <response>What is your favourite NLP program?</response>
    </exchange>
    <exchange>
        <timestamp>2002-06-06 18:37:13</timestamp>
        <userid>gandia</userid>
        <clientname>user</clientname>
        <botid>TestBot-4</botid>
        <input>hi</input>
        <response>Do you think that information extraction is more difficult than answer extraction?</response>
    </exchange>
    <exchange>
        <timestamp>2002-06-06 18:37:14</timestamp>
        <userid>gandia</userid>
        <clientname>user</clientname>
        <botid>TestBot-4</botid>
        <input>hi</input>
        <response>What is your favourite NLP program?</response>
    </exchange>
    <exchange>
        <timestamp>2002-06-06 18:37:15</timestamp>
        <userid>gandia</userid>
        <clientname>user</clientname>
        <botid>TestBot-4</botid>
        <input>hi</input>
        <response>What is your favourite NLP program?</response>
    </exchange>
    <exchange>
        <timestamp>2002-06-06 18:37:16</timestamp>
        <userid>gandia</userid>
        <clientname>user</clientname>
        <botid>TestBot-4</botid>
        <input>hi</input>
        <response>Do you think that information extraction is more difficult than answer extraction?</response>
    </exchange>
    <exchange>
        <timestamp>2002-06-06 18:37:17</timestamp>
        <userid>gandia</userid>
        <clientname>user</clientname>
        <botid>TestBot-4</botid>
        <input>hi</input>
        <response>What is your favourite NLP program?</response>
    </exchange>
    <exchange>
        <timestamp>2002-06-06 18:37:18</timestamp>
        <userid>gandia</userid>
        <clientname>user</clientname>
        <botid>TestBot-4</botid>
        <input>hi</input>
        <response>What is your favourite NLP program?</response>
    </exchange>
    <exchange>
        <timestamp>2002-06-06 18:37:19</timestamp>
        <userid>gandia</userid>
        <clientname>user</clientname>
        <botid>TestBot-4</botid>
        <input>hi</input>
        <response>What is your favourite NLP program?</response>
    </exchange>
    <exchange>
        <timestamp>2002-06-06 18:37:19</timestamp>
        <userid>gandia</userid>
        <clientname>user</clientname>
        <botid>TestBot-4</botid>
        <input>hi</input>
        <response>Do you think that information extraction is more difficult than answer extraction?</response>
    </exchange>
    <exchange>
        <timestamp>2002-06-06 18:37:20</timestamp>
        <userid>gandia</userid>
        <clientname>user</clientname>
        <botid>TestBot-4</botid>
        <input>sd</input>
        <response>Do you think that information extraction is more difficult than answer extraction?</response>
    </exchange>
    <exchange>
        <timestamp>2002-06-06 18:37:21</timestamp>
        <userid>gandia</userid>
        <clientname>user</clientname>
        <botid>TestBot-4</botid>
        <input>df</input>
        <response>What is your favourite NLP program?</response>
    </exchange>
    <exchange>
        <timestamp>2002-06-06 18:37:22</timestamp>
        <userid>gandia</userid>
        <clientname>user</clientname>
        <botid>TestBot-4</botid>
        <input>gsd</input>
        <response>Do you think that information extraction is more difficult than answer extraction?</response>
    </exchange>
    <exchange>
        <timestamp>2002-06-06 18:37:22</timestamp>
        <userid>gandia</userid>
        <clientname>user</clientname>
        <botid>TestBot-4</botid>
        <input>dg</input>
        <response>Do you think that information extraction is more difficult than answer extraction?</response>
    </exchange>
    <exchange>
        <timestamp>2002-06-06 18:37:23</timestamp>
        <userid>gandia</userid>
        <clientname>user</clientname>
        <botid>TestBot-4</botid>
        <input>h</input>
        <response>What is your favourite NLP program?</response>
    </exchange>
    <exchange>
        <timestamp>2002-06-06 18:37:24</timestamp>
        <userid>gandia</userid>
        <clientname>user</clientname>
        <botid>TestBot-4</botid>
        <input>d</input>
        <response>Do you think that information extraction is more difficult than answer extraction?</response>
    </exchange>
    <exchange>
        <timestamp>2002-06-06 18:37:24</timestamp>
        <userid>gandia</userid>
        <clientname>user</clientname>
        <botid>TestBot-4</botid>
        <input>f</input>
        <response>Do you think that information extraction is more difficult than answer extraction?</response>
    </exchange>
    <exchange>
        <timestamp>2002-06-06 18:40:06</timestamp>
        <userid>gandia</userid>
        <clientname>user</clientname>
        <botid>TestBot-4</botid>
        <input>CONNECT</input>
        <response>Hello there user and thanks for connecting!</response>
    </exchange>
    <exchange>
        <timestamp>2002-06-06 18:40:27</timestamp>
        <userid>gandia</userid>
        <clientname>user</clientname>
        <botid>TestBot-4</botid>
        <input>hi</input>
        <response>What is your favourite NLP program?</response>
    </exchange>
    <exchange>
        <timestamp>2002-06-06 18:40:30</timestamp>
        <userid>gandia</userid>
        <clientname>user</clientname>
        <botid>TestBot-4</botid>
        <input>hi</input>
        <response>I said What is your favourite NLP program</response>
    </exchange>
    <exchange>
        <timestamp>2002-06-06 18:40:31</timestamp>
        <userid>gandia</userid>
        <clientname>user</clientname>
        <botid>TestBot-4</botid>
        <input>hi</input>
        <response>What is your favourite NLP program?</response>
    </exchange>
    <exchange>
        <timestamp>2002-06-06 18:40:33</timestamp>
        <userid>gandia</userid>
        <clientname>user</clientname>
        <botid>TestBot-4</botid>
        <input>hi</input>
        <response>I said What is your favourite NLP program</response>
    </exchange>
    <exchange>
        <timestamp>2002-06-06 18:41:25</timestamp>
        <userid>gandia</userid>
        <clientname>user</clientname>
        <botid>TestBot-4</botid>
        <input>CONNECT</input>
        <response>Hello there user and thanks for connecting!</response>
    </exchange>
    <exchange>
        <timestamp>2002-06-06 18:41:27</timestamp>
        <userid>gandia</userid>
        <clientname>user</clientname>
        <botid>TestBot-4</botid>
        <input>hi</input>
        <response>I said <that></that></response>
    </exchange>
    <exchange>
        <timestamp>2002-06-06 18:41:29</timestamp>
        <userid>gandia</userid>
        <clientname>user</clientname>
        <botid>TestBot-4</botid>
        <input>hi</input>
        <response>What is your favourite NLP program?</response>
    </exchange>
    <exchange>
        <timestamp>2002-06-06 18:41:31</timestamp>
        <userid>gandia</userid>
        <clientname>user</clientname>
        <botid>TestBot-4</botid>
        <input>hi</input>
        <response>What is your favourite NLP program?</response>
    </exchange>
    <exchange>
        <timestamp>2002-06-06 18:41:32</timestamp>
        <userid>gandia</userid>
        <clientname>user</clientname>
        <botid>TestBot-4</botid>
        <input>hi</input>
        <response>Do you think that information extraction is more difficult than answer extraction?</response>
    </exchange>
    <exchange>
        <timestamp>2002-06-06 18:41:33</timestamp>
        <userid>gandia</userid>
        <clientname>user</clientname>
        <botid>TestBot-4</botid>
        <input>hi</input>
        <response>I said <that></that></response>
    </exchange>
    <exchange>
        <timestamp>2002-06-06 18:42:03</timestamp>
        <userid>gandia</userid>
        <clientname>user</clientname>
        <botid>TestBot-4</botid>
        <input>hi</input>
        <response>Do you think that information extraction is more difficult than answer extraction?</response>
    </exchange>
    <exchange>
        <timestamp>2002-06-06 18:42:04</timestamp>
        <userid>gandia</userid>
        <clientname>user</clientname>
        <botid>TestBot-4</botid>
        <input>hi</input>
        <response>I said Do you think that information extraction is more difficult than answer extraction?</response>
    </exchange>
    <exchange>
        <timestamp>2002-06-06 18:42:06</timestamp>
        <userid>gandia</userid>
        <clientname>user</clientname>
        <botid>TestBot-4</botid>
        <input>hi</input>
        <response>What is your favourite NLP program?</response>
    </exchange>
    <exchange>
        <timestamp>2002-06-06 18:42:08</timestamp>
        <userid>gandia</userid>
        <clientname>user</clientname>
        <botid>TestBot-4</botid>
        <input>hi</input>
        <response>What is your favourite NLP program?</response>
    </exchange>
    <exchange>
        <timestamp>2002-06-06 18:42:09</timestamp>
        <userid>gandia</userid>
        <clientname>user</clientname>
        <botid>TestBot-4</botid>
        <input>hi</input>
        <response>Do you think that information extraction is more difficult than answer extraction?</response>
    </exchange>
    <exchange>
        <timestamp>2002-06-06 18:42:10</timestamp>
        <userid>gandia</userid>
        <clientname>user</clientname>
        <botid>TestBot-4</botid>
        <input>hi</input>
        <response>I said Do you think that information extraction is more difficult than answer extraction?</response>
    </exchange>
    <exchange>
        <timestamp>2002-06-06 18:42:25</timestamp>
        <userid>gandia</userid>
        <clientname>user</clientname>
        <botid>TestBot-4</botid>
        <input>hi</input>
        <response>I said I said Do you think that information extraction is more difficult than answer extraction?</response>
    </exchange>
    <exchange>
        <timestamp>2002-06-06 18:42:36</timestamp>
        <userid>gandia</userid>
        <clientname>user</clientname>
        <botid>TestBot-4</botid>
        <input>ha ha</input>
        <response>What is your favourite NLP program?</response>
    </exchange>
    <exchange>
        <timestamp>2002-06-06 18:42:53</timestamp>
        <userid>gandia</userid>
        <clientname>user</clientname>
        <botid>TestBot-4</botid>
        <input>nlp</input>
        <response>So you like NLP?</response>
    </exchange>
    <exchange>
        <timestamp>2002-06-07 12:06:30</timestamp>
        <userid>gandia</userid>
        <clientname>user</clientname>
        <botid>TestBot-4</botid>
        <input>CONNECT</input>
        <response>Hello there user and thanks for connecting!</response>
    </exchange>
    <exchange>
        <timestamp>2002-06-07 12:06:42</timestamp>
        <userid>gandia</userid>
        <clientname>user</clientname>
        <botid>TestBot-4</botid>
        <input>who are you?</input>
        <response>Do you think that information extraction is more difficult than answer extraction?</response>
    </exchange>
    <exchange>
        <timestamp>2002-07-18 18:50:34</timestamp>
        <userid>gandia</userid>
        <clientname>user</clientname>
        <botid>TestBot-4</botid>
        <input>CONNECT</input>
        <response>Hello there user and thanks for connecting!</response>
    </exchange>
    <exchange>
        <timestamp>2002-07-18 18:50:54</timestamp>
        <userid>gandia</userid>
        <clientname>user</clientname>
        <botid>TestBot-4</botid>
        <input>CONNECT</input>
        <response>Hello there user and thanks for connecting!</response>
    </exchange>
    <exchange>
        <timestamp>2002-07-18 18:53:27</timestamp>
        <userid>gandia</userid>
        <clientname>user</clientname>
        <botid>TestBot-4</botid>
        <input>are you Alice?</input>
        <response>Do you think that information extraction is more difficult than answer extraction?</response>
    </exchange>
    <exchange>
        <timestamp>2002-07-18 18:53:35</timestamp>
        <userid>gandia</userid>
        <clientname>user</clientname>
        <botid>TestBot-4</botid>
        <input>quit</input>
        <response>What is your favourite NLP program?</response>
    </exchange>
    <exchange>
        <timestamp>2002-07-18 18:53:39</timestamp>
        <userid>gandia</userid>
        <clientname>user</clientname>
        <botid>TestBot-4</botid>
        <input>!quit</input>
        <response>What is your favourite NLP program? Do you think that information extraction is more difficult than answer extraction?</response>
    </exchange>
    <exchange>
        <timestamp>2002-07-23 16:33:07</timestamp>
        <userid>gandia</userid>
        <clientname>user</clientname>
        <botid>TestBot-4</botid>
        <input>CONNECT</input>
        <response>Hello there user and thanks for connecting!</response>
    </exchange>
    <exchange>
        <timestamp>2002-07-23 16:33:18</timestamp>
        <userid>gandia</userid>
        <clientname>user</clientname>
        <botid>TestBot-4</botid>
        <input>knock knock</input>
        <response>Who's there?</response>
    </exchange>
    <exchange>
        <timestamp>2002-07-23 16:33:26</timestamp>
        <userid>gandia</userid>
        <clientname>user</clientname>
        <botid>TestBot-4</botid>
        <input>banana</input>
        <response>Do you think that information extraction is more difficult than answer extraction?</response>
    </exchange>
    <exchange>
        <timestamp>2002-07-23 16:34:12</timestamp>
        <userid>gandia</userid>
        <clientname>user</clientname>
        <botid>TestBot-4</botid>
        <input>learn aiml/test/*.aiml</input>
        <response>What is your favourite NLP program? Do you think that information extraction is more difficult than answer extraction?</response>
    </exchange>
    <exchange>
        <timestamp>2002-07-23 16:34:21</timestamp>
        <userid>gandia</userid>
        <clientname>user</clientname>
        <botid>TestBot-4</botid>
        <input>knock knock</input>
        <response>Who's there?</response>
    </exchange>
    <exchange>
        <timestamp>2002-07-23 16:34:23</timestamp>
        <userid>gandia</userid>
        <clientname>user</clientname>
        <botid>TestBot-4</botid>
        <input>banana</input>
        <response>Do you think that information extraction is more difficult than answer extraction?</response>
    </exchange>
    <exchange>
        <timestamp>2002-07-23 16:34:59</timestamp>
        <userid>gandia</userid>
        <clientname>user</clientname>
        <botid>TestBot-4</botid>
        <input>learn aiml/test/*.aiml</input>
        <response>What is your favourite NLP program? What is your favourite NLP program?</response>
    </exchange>
    <exchange>
        <timestamp>2002-07-23 16:35:03</timestamp>
        <userid>gandia</userid>
        <clientname>user</clientname>
        <botid>TestBot-4</botid>
        <input>knock knock</input>
        <response>Who's there?</response>
    </exchange>
    <exchange>
        <timestamp>2002-07-23 16:35:05</timestamp>
        <userid>gandia</userid>
        <clientname>user</clientname>
        <botid>TestBot-4</botid>
        <input>banana</input>
        <response>I said Who's there?</response>
    </exchange>
    <exchange>
        <timestamp>2002-07-23 16:35:49</timestamp>
        <userid>gandia</userid>
        <clientname>user</clientname>
        <botid>TestBot-4</botid>
        <input>quit</input>
        <response>I said I said Who's there?</response>
    </exchange>
    <exchange>
        <timestamp>2002-07-23 16:36:03</timestamp>
        <userid>gandia</userid>
        <clientname>user</clientname>
        <botid>TestBot-4</botid>
        <input>CONNECT</input>
        <response>Hello there user and thanks for connecting!</response>
    </exchange>
    <exchange>
        <timestamp>2002-07-23 16:36:08</timestamp>
        <userid>gandia</userid>
        <clientname>user</clientname>
        <botid>TestBot-4</botid>
        <input>knock knock</input>
        <response>Who's there?</response>
    </exchange>
    <exchange>
        <timestamp>2002-07-23 16:36:10</timestamp>
        <userid>gandia</userid>
        <clientname>user</clientname>
        <botid>TestBot-4</botid>
        <input>banana</input>
        <response>banana WHO?</response>
    </exchange>
    <exchange>
        <timestamp>2002-07-23 16:36:34</timestamp>
        <userid>gandia</userid>
        <clientname>user</clientname>
        <botid>TestBot-4</botid>
        <input>knock knock</input>
        <response>Who's there?</response>
    </exchange>
    <exchange>
        <timestamp>2002-07-23 16:36:37</timestamp>
        <userid>gandia</userid>
        <clientname>user</clientname>
        <botid>TestBot-4</botid>
        <input>banana</input>
        <response>banana WHO?</response>
    </exchange>
    <exchange>
        <timestamp>2002-07-23 16:36:41</timestamp>
        <userid>gandia</userid>
        <clientname>user</clientname>
        <botid>TestBot-4</botid>
        <input>knock knock</input>
        <response>Who's there?</response>
    </exchange>
    <exchange>
        <timestamp>2002-07-23 16:36:53</timestamp>
        <userid>gandia</userid>
        <clientname>user</clientname>
        <botid>TestBot-4</botid>
        <input>orange you glad I didn&apos;t say banana</input>
        <response>orange you glad I did not say banana WHO?</response>
    </exchange>
    <exchange>
        <timestamp>2002-07-23 16:37:32</timestamp>
        <userid>gandia</userid>
        <clientname>user</clientname>
        <botid>TestBot-4</botid>
        <input>clear</input>
        <response>What is your favourite NLP program?</response>
    </exchange>
    <exchange>
        <timestamp>2002-07-23 16:38:44</timestamp>
        <userid>gandia</userid>
        <clientname>user</clientname>
        <botid>TestBot-4</botid>
        <input>learn aiml/test/*.aiml</input>
        <response>I said What is your favourite NLP program? What is your favourite NLP program?</response>
    </exchange>
    <exchange>
        <timestamp>2002-07-23 16:38:53</timestamp>
        <userid>gandia</userid>
        <clientname>user</clientname>
        <botid>TestBot-4</botid>
        <input>knock knock</input>
        <response>Who's there?</response>
    </exchange>
    <exchange>
        <timestamp>2002-07-23 16:39:05</timestamp>
        <userid>gandia</userid>
        <clientname>user</clientname>
        <botid>TestBot-4</botid>
        <input>banana glad I didn&apos;t say orange</input>
        <response>banana glad I did not say orange WHO?</response>
    </exchange>
    <exchange>
        <timestamp>2002-07-23 16:39:29</timestamp>
        <userid>gandia</userid>
        <clientname>user</clientname>
        <botid>TestBot-4</botid>
        <input>CONNECT</input>
        <response>Hello there user and thanks for connecting!</response>
    </exchange>
    <exchange>
        <timestamp>2002-07-23 16:39:33</timestamp>
        <userid>gandia</userid>
        <clientname>user</clientname>
        <botid>TestBot-4</botid>
        <input>knock knock</input>
        <response>Who's there?</response>
    </exchange>
    <exchange>
        <timestamp>2002-07-23 16:39:35</timestamp>
        <userid>gandia</userid>
        <clientname>user</clientname>
        <botid>TestBot-4</botid>
        <input>banana</input>
        <response>banana who?</response>
    </exchange>
    <exchange>
        <timestamp>2002-07-23 16:39:42</timestamp>
        <userid>gandia</userid>
        <clientname>user</clientname>
        <botid>TestBot-4</botid>
        <input>knock knock</input>
        <response>Who's there?</response>
    </exchange>
    <exchange>
        <timestamp>2002-07-23 16:39:53</timestamp>
        <userid>gandia</userid>
        <clientname>user</clientname>
        <botid>TestBot-4</botid>
        <input>orange you glad I didn&apos;t say banana</input>
        <response>Ha ha very funny</response>
    </exchange>
    <exchange>
        <timestamp>2002-07-23 16:40:10</timestamp>
        <userid>gandia</userid>
        <clientname>user</clientname>
        <botid>TestBot-4</botid>
        <input>orange you glad I didn&apos;t say banana</input>
        <response>What is your favourite NLP program?</response>
    </exchange>
    <exchange>
        <timestamp>2002-07-23 16:47:34</timestamp>
        <userid>gandia</userid>
        <clientname>user</clientname>
        <botid>TestBot-4</botid>
        <input>CONNECT</input>
        <response>Hello there user and thanks for connecting!</response>
    </exchange>
    <exchange>
        <timestamp>2002-07-23 16:47:41</timestamp>
        <userid>gandia</userid>
        <clientname>user</clientname>
        <botid>TestBot-4</botid>
        <input>knock knock</input>
        <response>Who's there?</response>
    </exchange>
    <exchange>
        <timestamp>2002-07-23 16:47:45</timestamp>
        <userid>gandia</userid>
        <clientname>user</clientname>
        <botid>TestBot-4</botid>
        <input>peter</input>
        <response>peter who?</response>
    </exchange>
    <exchange>
        <timestamp>2002-07-23 16:47:48</timestamp>
        <userid>gandia</userid>
        <clientname>user</clientname>
        <botid>TestBot-4</botid>
        <input>peter</input>
        <response>knock knock</response>
    </exchange>
    <exchange>
        <timestamp>2002-07-23 16:47:55</timestamp>
        <userid>gandia</userid>
        <clientname>user</clientname>
        <botid>TestBot-4</botid>
        <input>who&apos;s there?</input>
        <response>Ha ha, did you think I would do the same joke?</response>
    </exchange>
    <exchange>
        <timestamp>2002-07-23 16:48:01</timestamp>
        <userid>gandia</userid>
        <clientname>user</clientname>
        <botid>TestBot-4</botid>
        <input>no</input>
        <response>knock knock</response>
    </exchange>
    <exchange>
        <timestamp>2002-07-23 16:48:09</timestamp>
        <userid>gandia</userid>
        <clientname>user</clientname>
        <botid>TestBot-4</botid>
        <input>I like NLP</input>
        <response>What do you know about NLP?</response>
    </exchange>
    <exchange>
        <timestamp>2002-07-23 16:48:25</timestamp>
        <userid>gandia</userid>
        <clientname>user</clientname>
        <botid>TestBot-4</botid>
        <input>a lot, of course, I&apos;m a lecturer!</input>
        <response>What is your favourite NLP program?</response>
    </exchange>
    <exchange>
        <timestamp>2002-07-23 16:48:34</timestamp>
        <userid>gandia</userid>
        <clientname>user</clientname>
        <botid>TestBot-4</botid>
        <input>chatterbots</input>
        <response>Do you think that information extraction is more difficult than answer extraction?</response>
    </exchange>
    <exchange>
        <timestamp>2002-07-23 16:48:40</timestamp>
        <userid>gandia</userid>
        <clientname>user</clientname>
        <botid>TestBot-4</botid>
        <input>knock knock</input>
        <response>Who's there?</response>
    </exchange>
    <exchange>
        <timestamp>2002-07-23 16:48:44</timestamp>
        <userid>gandia</userid>
        <clientname>user</clientname>
        <botid>TestBot-4</botid>
        <input>peter</input>
        <response>peter who?</response>
    </exchange>
    <exchange>
        <timestamp>2002-07-23 16:48:50</timestamp>
        <userid>gandia</userid>
        <clientname>user</clientname>
        <botid>TestBot-4</botid>
        <input>knock knock</input>
        <response>Who's there?</response>
    </exchange>
    <exchange>
        <timestamp>2002-07-23 16:48:52</timestamp>
        <userid>gandia</userid>
        <clientname>user</clientname>
        <botid>TestBot-4</botid>
        <input>peter</input>
        <response>peter who?</response>
    </exchange>
    <exchange>
        <timestamp>2002-07-23 16:48:58</timestamp>
        <userid>gandia</userid>
        <clientname>user</clientname>
        <botid>TestBot-4</botid>
        <input>knock knock</input>
        <response>Who's there?</response>
    </exchange>
    <exchange>
        <timestamp>2002-07-23 16:49:11</timestamp>
        <userid>gandia</userid>
        <clientname>user</clientname>
        <botid>TestBot-4</botid>
        <input>Alice you glad I didn&apos;t say peter</input>
        <response>Ha ha very funny</response>
    </exchange>
    <exchange>
        <timestamp>2002-07-23 16:49:21</timestamp>
        <userid>gandia</userid>
        <clientname>user</clientname>
        <botid>TestBot-4</botid>
        <input>yes i know</input>
        <response>knock knock</response>
    </exchange>
    <exchange>
        <timestamp>2002-07-23 16:49:34</timestamp>
        <userid>gandia</userid>
        <clientname>user</clientname>
        <botid>TestBot-4</botid>
        <input>are you trying the joke?</input>
        <response>knock knock</response>
    </exchange>
    <exchange>
        <timestamp>2002-07-23 16:49:39</timestamp>
        <userid>gandia</userid>
        <clientname>user</clientname>
        <botid>TestBot-4</botid>
        <input>who&apos;s there?</input>
        <response>Ha ha, did you think I would do the same joke?</response>
    </exchange>
    <exchange>
        <timestamp>2002-07-23 16:49:50</timestamp>
        <userid>gandia</userid>
        <clientname>user</clientname>
        <botid>TestBot-4</botid>
        <input>Ha ha, very funny</input>
        <response>knock knock</response>
    </exchange>
    <exchange>
        <timestamp>2002-07-23 16:49:53</timestamp>
        <userid>gandia</userid>
        <clientname>user</clientname>
        <botid>TestBot-4</botid>
        <input>again?</input>
        <response>knock knock</response>
    </exchange>
</exchanges>
