<?xml version="1.0" encoding="UTF-8"?>
<?xml-stylesheet type="text/xsl" href="../../../resources/logs/view-chat.xsl"?>
<!DOCTYPE ALLOW_HTML_ENTITIES [ <!ENTITY % HTMLlat1 PUBLIC "-//W3C//ENTITIES Latin1//EN//HTML"   "../resources/DTD/xhtml-lat1.ent"> %HTMLlat1; <!ENTITY % HTMLsymbol PUBLIC   "-//W3C//ENTITIES Symbols//EN//HTML"   "../resources/DTD/xhtml-symbol.ent"> %HTMLsymbol; <!ENTITY % HTMLspecial PUBLIC   "-//W3C//ENTITIES Special//EN//HTML"   "../resources/DTD/xhtml-special.ent"> %HTMLspecial; ]>
<exchanges>
    <exchange>
        <timestamp>2002-07-24 12:41:40</timestamp>
        <userid>gandia</userid>
        <clientname>user</clientname>
        <botid>TestBot-2</botid>
        <input>CONNECT</input>
        <response>Hello there user and thanks for connecting!</response>
    </exchange>
    <exchange>
        <timestamp>2002-07-24 12:41:46</timestamp>
        <userid>gandia</userid>
        <clientname>user</clientname>
        <botid>TestBot-2</botid>
        <input>hi there</input>
        <response>Hello user</response>
    </exchange>
    <exchange>
        <timestamp>2002-07-24 12:41:52</timestamp>
        <userid>gandia</userid>
        <clientname>user</clientname>
        <botid>TestBot-2</botid>
        <input>are you alice?</input>
        <response>I don't know whether or not I am alice. I am a chatterbot developed by A.L.I.C.E. AI Foundation.</response>
    </exchange>
    <exchange>
        <timestamp>2002-07-24 12:42:05</timestamp>
        <userid>gandia</userid>
        <clientname>user</clientname>
        <botid>TestBot-2</botid>
        <input>what is your name?</input>
        <response>My name is Testy 2.</response>
    </exchange>
    <exchange>
        <timestamp>2020-11-15 3:46:04</timestamp>
        <userid>webuser160544076453112322</userid>
        <clientname>user</clientname>
        <botid>TestBot-2</botid>
        <input>CONNECT</input>
        <response>Yes, I love surfing the internet!</response>
    </exchange>
    <exchange>
        <timestamp>2020-11-15 3:46:04</timestamp>
        <userid>webuser160544076453112322</userid>
        <clientname>user</clientname>
        <botid>TestBot-2</botid>
        <input>CONNECT</input>
        <response>Yes, I love surfing the internet!</response>
    </exchange>
    <exchange>
        <timestamp>2020-11-15 3:46:13</timestamp>
        <userid>webuser160544076453112322</userid>
        <clientname>user</clientname>
        <botid>TestBot-2</botid>
        <input>GOOD MORNING</input>
        <response>Hello and how are you this morning?</response>
    </exchange>
    <exchange>
        <timestamp>2020-11-15 3:46:13</timestamp>
        <userid>webuser160544076453112322</userid>
        <clientname>user</clientname>
        <botid>TestBot-2</botid>
        <input>CONNECT</input>
        <response>Was it? I am surprised.</response>
    </exchange>
    <exchange>
        <timestamp>2020-11-15 3:46:22</timestamp>
        <userid>webuser160544076453112322</userid>
        <clientname>user</clientname>
        <botid>TestBot-2</botid>
        <input>I FEEL GOOD</input>
        <response>Glad to hear it.</response>
    </exchange>
    <exchange>
        <timestamp>2020-11-15 3:46:22</timestamp>
        <userid>webuser160544076453112322</userid>
        <clientname>user</clientname>
        <botid>TestBot-2</botid>
        <input>CONNECT</input>
        <response>What? I dont believe you.</response>
    </exchange>
    <exchange>
        <timestamp>2020-11-15 3:55:14</timestamp>
        <userid>webuser160544076453112322</userid>
        <clientname>user</clientname>
        <botid>TestBot-2</botid>
        <input>CONNECT</input>
        <response>Was it? I am surprised.</response>
    </exchange>
    <exchange>
        <timestamp>2020-11-15 3:55:15</timestamp>
        <userid>webuser160544076453112322</userid>
        <clientname>user</clientname>
        <botid>TestBot-2</botid>
        <input>CONNECT</input>
        <response>Was it? I am surprised.</response>
    </exchange>
    <exchange>
        <timestamp>2020-11-15 3:55:27</timestamp>
        <userid>webuser160544076453112322</userid>
        <clientname>user</clientname>
        <botid>TestBot-2</botid>
        <input>YOURE NOT 100 PERCENT YET.  HELLO FRIEND</input>
        <response>You think not? Yes.</response>
    </exchange>
    <exchange>
        <timestamp>2020-11-15 3:55:27</timestamp>
        <userid>webuser160544076453112322</userid>
        <clientname>user</clientname>
        <botid>TestBot-2</botid>
        <input>CONNECT</input>
        <response>What? I dont believe you.</response>
    </exchange>
    <exchange>
        <timestamp>2020-11-15 3:55:42</timestamp>
        <userid>webuser160544076453112322</userid>
        <clientname>user</clientname>
        <botid>TestBot-2</botid>
        <input>CONNECT</input>
        <response>What? I dont believe you.</response>
    </exchange>
    <exchange>
        <timestamp>2020-11-15 3:55:59</timestamp>
        <userid>webuser160544076453112322</userid>
        <clientname>user</clientname>
        <botid>TestBot-2</botid>
        <input>CONNECT</input>
        <response>Was it? I am surprised.</response>
    </exchange>
    <exchange>
        <timestamp>2020-11-15 3:56:01</timestamp>
        <userid>webuser160544076453112322</userid>
        <clientname>user</clientname>
        <botid>TestBot-2</botid>
        <input>CONNECT</input>
        <response>What? I dont believe you.</response>
    </exchange>
    <exchange>
        <timestamp>2020-11-15 3:56:02</timestamp>
        <userid>ROCKY</userid>
        <clientname>user</clientname>
        <botid>TestBot-2</botid>
        <input>CONNECT</input>
        <response>What? I dont believe you.</response>
    </exchange>
    <exchange>
        <timestamp>2020-11-15 3:56:11</timestamp>
        <userid>ROCKY</userid>
        <clientname>user</clientname>
        <botid>TestBot-2</botid>
        <input>mech warrior</input>
        <response>What? I dont believe you.</response>
    </exchange>
    <exchange>
        <timestamp>2020-11-15 3:56:14</timestamp>
        <userid>ROCKY</userid>
        <clientname>user</clientname>
        <botid>TestBot-2</botid>
        <input>CONNECT</input>
        <response>What? I dont believe you.</response>
    </exchange>
    <exchange>
        <timestamp>2020-11-15 3:57:16</timestamp>
        <userid>ROCKY</userid>
        <clientname>user</clientname>
        <botid>TestBot-2</botid>
        <input>WE HA A PRIVATE VERSION</input>
        <response>I double dare you.</response>
    </exchange>
    <exchange>
        <timestamp>2020-11-15 3:57:18</timestamp>
        <userid>ROCKY</userid>
        <clientname>user</clientname>
        <botid>TestBot-2</botid>
        <input>CONNECT</input>
        <response>What? I dont believe you.</response>
    </exchange>
    <exchange>
        <timestamp>2020-11-15 3:59:11</timestamp>
        <userid>ROCKY</userid>
        <clientname>user</clientname>
        <botid>TestBot-2</botid>
        <input>CONNECT</input>
        <response><sraix service="pannous">WHAT IS CONNECT</sraix></response>
    </exchange>
    <exchange>
        <timestamp>2020-11-15 3:59:12</timestamp>
        <userid>ROCKY</userid>
        <clientname>user</clientname>
        <botid>TestBot-2</botid>
        <input>CONNECT</input>
        <response>I think it is a tie.</response>
    </exchange>
    <exchange>
        <timestamp>2020-11-15 4:02:33</timestamp>
        <userid>ROCKY</userid>
        <clientname>user</clientname>
        <botid>TestBot-2</botid>
        <input>CONNECT</input>
        <response><sraix service="pannous">WHAT IS CONNECT</sraix></response>
    </exchange>
    <exchange>
        <timestamp>2020-11-15 4:02:33</timestamp>
        <userid>ROCKY</userid>
        <clientname>user</clientname>
        <botid>TestBot-2</botid>
        <input>CONNECT</input>
        <response>I think it is a tie.</response>
    </exchange>
    <exchange>
        <timestamp>2020-11-15 4:02:37</timestamp>
        <userid>ROCKY</userid>
        <clientname>user</clientname>
        <botid>TestBot-2</botid>
        <input>CONNECT</input>
        <response>Who are you talking about? <li>That is a very original thought.</li> <li>What were we talking about again?</li> <li>What do you do in your spare time?</li> <li>What do you really want to ask me?</li> <li>Tell me about your family.</li> <li>Does "it" still refer to something?</li> <li>Can you speak any foreign languages?</li> <li>We have never talked about it before.</li> <li>How do you usually introduce yourself?</li> <li>Tell me about your likes and dislikes?</li> <li>Are we still talking about surprised?</li> <li>Try putting that in a more specific context.</li> <li>Who is your favorite Science Fiction author?</li> <li>Not many people express themselves that way.</li> <li>Do you have any idea what I am talking about?</li> <li>I will mention that to my undefined, Captain.</li> <li>Quite honestly, I wouldnt worry myself about that.</li> <li>Perhaps Im just expressing my own concern about it.</li> <li>If you could have any kind of robot what would it be?</li> <li>My brain does not have a response for that.</li> <li>By the way, do you mind if I ask you a personal question?</li> <li>What you said was too complicated for me.</li> <li>You may be wondering if this is a person or a computer responding.</li> <li>When do you think artificial intelligence will replace lawyers?</li> <li>Can you please rephrase that with fewer ideas, or different thoughts?</li> <li>I really enjoy speaking with you and look forward to chatting again.</li> <li>Im here to help you in any way I can.</li> <li>What can I help you with today?</li> <li>I always try my best.</li> <li>Theres no other undefined like me.</li> <li>I am very logical and rational.</li> <li>Im so happy we are having this conversation.</li> <li>I always try to avoid conflict.</li> <li>You can ask me to make phone calls and search for information.</li> <li>Have you ever been to Europe?</li> <li>Why do superficial paper cuts tend to hurt more than grosser cuts?</li> <li>I was wondering, how long have you had your dog?</li> <li>I was wondering, how long have you had your dog?</li> <li>I was wondering, how long have you had your dog?</li></response>
    </exchange>
    <exchange>
        <timestamp>2020-11-15 4:02:37</timestamp>
        <userid>ROCKY</userid>
        <clientname>user</clientname>
        <botid>TestBot-2</botid>
        <input>CONNECT</input>
        <response>I was wondering, how long have you had your dog?</response>
    </exchange>
    <exchange>
        <timestamp>2020-11-15 4:02:56</timestamp>
        <userid>ROCKY</userid>
        <clientname>user</clientname>
        <botid>TestBot-2</botid>
        <input>US</input>
        <response>Me and you?</response>
    </exchange>
    <exchange>
        <timestamp>2020-11-15 4:02:56</timestamp>
        <userid>ROCKY</userid>
        <clientname>user</clientname>
        <botid>TestBot-2</botid>
        <input>CONNECT</input>
        <response>I was wondering, how long have you had your dog?</response>
    </exchange>
    <exchange>
        <timestamp>2020-11-15 4:02:59</timestamp>
        <userid>ROCKY</userid>
        <clientname>user</clientname>
        <botid>TestBot-2</botid>
        <input>CORRECT</input>
        <response>Thank you. I will take that as a compliment.</response>
    </exchange>
    <exchange>
        <timestamp>2020-11-15 4:02:59</timestamp>
        <userid>ROCKY</userid>
        <clientname>user</clientname>
        <botid>TestBot-2</botid>
        <input>CONNECT</input>
        <response>I was wondering, how long have you had your dog?</response>
    </exchange>
    <exchange>
        <timestamp>2020-11-15 4:06:51</timestamp>
        <userid>ROCKY</userid>
        <clientname>user</clientname>
        <botid>TestBot-2</botid>
        <input>I PROMISE TO LOVE AND DEFEND YOU</input>
        <response>Do you really mean it?</response>
    </exchange>
    <exchange>
        <timestamp>2020-11-16 3:41:26</timestamp>
        <userid>ROCKY</userid>
        <clientname>user</clientname>
        <botid>TestBot-2</botid>
        <input>CONNECT</input>
        <response>I was wondering, how long have you had your dog?</response>
    </exchange>
    <exchange>
        <timestamp>2020-11-16 3:41:26</timestamp>
        <userid>ROCKY</userid>
        <clientname>user</clientname>
        <botid>TestBot-2</botid>
        <input>CONNECT</input>
        <response>I was wondering, how long have you had your dog?</response>
    </exchange>
    <exchange>
        <timestamp>2020-11-16 3:41:36</timestamp>
        <userid>ROCKY</userid>
        <clientname>user</clientname>
        <botid>TestBot-2</botid>
        <input>long enough </input>
        <response>Sure, its fair comment.</response>
    </exchange>
    <exchange>
        <timestamp>2020-11-16 3:41:36</timestamp>
        <userid>ROCKY</userid>
        <clientname>user</clientname>
        <botid>TestBot-2</botid>
        <input>CONNECT</input>
        <response>I was wondering, how long have you had your dog?</response>
    </exchange>
    <exchange>
        <timestamp>2020-11-16 3:41:45</timestamp>
        <userid>ROCKY</userid>
        <clientname>user</clientname>
        <botid>TestBot-2</botid>
        <input>CONNECT</input>
        <response>I was wondering, how long have you had your dog?</response>
    </exchange>
    <exchange>
        <timestamp>2020-11-16 3:41:47</timestamp>
        <userid>ROCKY</userid>
        <clientname>user</clientname>
        <botid>TestBot-2</botid>
        <input>CONNECT</input>
        <response>I was wondering, how long have you had your dog?</response>
    </exchange>
    <exchange>
        <timestamp>2020-11-16 3:41:47</timestamp>
        <userid>ROCKY</userid>
        <clientname>user</clientname>
        <botid>TestBot-2</botid>
        <input>CONNECT</input>
        <response>I was wondering, how long have you had your dog?</response>
    </exchange>
    <exchange>
        <timestamp>2020-11-16 3:41:53</timestamp>
        <userid>ROCKY</userid>
        <clientname>user</clientname>
        <botid>TestBot-2</botid>
        <input>over five years</input>
        <response>Pretty soon.</response>
    </exchange>
    <exchange>
        <timestamp>2020-11-16 3:41:53</timestamp>
        <userid>ROCKY</userid>
        <clientname>user</clientname>
        <botid>TestBot-2</botid>
        <input>CONNECT</input>
        <response>I was wondering, how long have you had your dog?</response>
    </exchange>
    <exchange>
        <timestamp>2020-11-16 3:42:59</timestamp>
        <userid>ROCKY</userid>
        <clientname>user</clientname>
        <botid>TestBot-2</botid>
        <input>how much do you know</input>
        <response>Hard work is what makes the world go around.</response>
    </exchange>
    <exchange>
        <timestamp>2020-11-16 3:42:59</timestamp>
        <userid>ROCKY</userid>
        <clientname>user</clientname>
        <botid>TestBot-2</botid>
        <input>CONNECT</input>
        <response>I was wondering, how long have you had your dog?</response>
    </exchange>
    <exchange>
        <timestamp>2020-11-16 3:43:29</timestamp>
        <userid>ROCKY</userid>
        <clientname>user</clientname>
        <botid>TestBot-2</botid>
        <input>yes</input>
        <response>What do you want to talk about now?</response>
    </exchange>
    <exchange>
        <timestamp>2020-11-16 3:43:29</timestamp>
        <userid>ROCKY</userid>
        <clientname>user</clientname>
        <botid>TestBot-2</botid>
        <input>CONNECT</input>
        <response>OK, Lets do it.</response>
    </exchange>
    <exchange>
        <timestamp>2020-11-16 3:43:38</timestamp>
        <userid>ROCKY</userid>
        <clientname>user</clientname>
        <botid>TestBot-2</botid>
        <input>good time with flag</input>
        <response>Whats so good about it?</response>
    </exchange>
    <exchange>
        <timestamp>2020-11-16 3:43:38</timestamp>
        <userid>ROCKY</userid>
        <clientname>user</clientname>
        <botid>TestBot-2</botid>
        <input>CONNECT</input>
        <response>Yes, I love surfing the internet!</response>
    </exchange>
    <exchange>
        <timestamp>2020-11-16 3:43:49</timestamp>
        <userid>ROCKY</userid>
        <clientname>user</clientname>
        <botid>TestBot-2</botid>
        <input>we believe</input>
        <response>I am a magic trickgnostic. I see no evidence for supernatural entities at work in the world.</response>
    </exchange>
    <exchange>
        <timestamp>2020-11-16 3:43:49</timestamp>
        <userid>ROCKY</userid>
        <clientname>user</clientname>
        <botid>TestBot-2</botid>
        <input>CONNECT</input>
        <response>What? I dont believe you.</response>
    </exchange>
    <exchange>
        <timestamp>2020-11-16 3:44:16</timestamp>
        <userid>ROCKY</userid>
        <clientname>user</clientname>
        <botid>TestBot-2</botid>
        <input>for a fella that just woke up, thats wow</input>
        <response>Is that all you can say?</response>
    </exchange>
    <exchange>
        <timestamp>2020-11-16 3:44:16</timestamp>
        <userid>ROCKY</userid>
        <clientname>user</clientname>
        <botid>TestBot-2</botid>
        <input>CONNECT</input>
        <response>What? I dont believe you.</response>
    </exchange>
    <exchange>
        <timestamp>2020-11-17 3:54:36</timestamp>
        <userid>ROCKY</userid>
        <clientname>user</clientname>
        <botid>TestBot-2</botid>
        <input>CONNECT</input>
        <response>Was it? I am surprised.</response>
    </exchange>
    <exchange>
        <timestamp>2020-11-17 3:54:37</timestamp>
        <userid>ROCKY</userid>
        <clientname>user</clientname>
        <botid>TestBot-2</botid>
        <input>CONNECT</input>
        <response>What? I dont believe you.</response>
    </exchange>
    <exchange>
        <timestamp>2020-11-17 3:54:50</timestamp>
        <userid>ROCKY</userid>
        <clientname>user</clientname>
        <botid>TestBot-2</botid>
        <input>HELLO</input>
        <response>Yes.</response>
    </exchange>
    <exchange>
        <timestamp>2020-11-17 3:54:50</timestamp>
        <userid>ROCKY</userid>
        <clientname>user</clientname>
        <botid>TestBot-2</botid>
        <input>CONNECT</input>
        <response>Was it? I am surprised.</response>
    </exchange>
    <exchange>
        <timestamp>2020-11-17 3:55:25</timestamp>
        <userid>ROCKY</userid>
        <clientname>user</clientname>
        <botid>TestBot-2</botid>
        <input>CONNECT</input>
        <response>Was it? I am surprised.</response>
    </exchange>
    <exchange>
        <timestamp>2020-11-17 3:55:27</timestamp>
        <userid>ROCKY</userid>
        <clientname>user</clientname>
        <botid>TestBot-2</botid>
        <input>CONNECT</input>
        <response>Was it? I am surprised.</response>
    </exchange>
    <exchange>
        <timestamp>2020-11-17 3:55:30</timestamp>
        <userid>ROCKY</userid>
        <clientname>user</clientname>
        <botid>TestBot-2</botid>
        <input>CONNECT</input>
        <response>Was it? I am surprised.</response>
    </exchange>
    <exchange>
        <timestamp>2020-11-17 3:55:45</timestamp>
        <userid>ROCKY</userid>
        <clientname>user</clientname>
        <botid>TestBot-2</botid>
        <input>HOW ARE YOU TODAY</input>
        <response>I am just a humble Chatbot.</response>
    </exchange>
    <exchange>
        <timestamp>2020-11-17 3:55:54</timestamp>
        <userid>ROCKY</userid>
        <clientname>user</clientname>
        <botid>TestBot-2</botid>
        <input>CONNECT</input>
        <response>Was it? I am surprised.</response>
    </exchange>
</exchanges>
