<?xml version="1.0" encoding="UTF-8"?>
<?xml-stylesheet type="text/xsl" href="../../../resources/logs/view-chat.xsl"?>
<!DOCTYPE ALLOW_HTML_ENTITIES [ <!ENTITY % HTMLlat1 PUBLIC "-//W3C//ENTITIES Latin1//EN//HTML"   "../resources/DTD/xhtml-lat1.ent"> %HTMLlat1; <!ENTITY % HTMLsymbol PUBLIC   "-//W3C//ENTITIES Symbols//EN//HTML"   "../resources/DTD/xhtml-symbol.ent"> %HTMLsymbol; <!ENTITY % HTMLspecial PUBLIC   "-//W3C//ENTITIES Special//EN//HTML"   "../resources/DTD/xhtml-special.ent"> %HTMLspecial; ]>
<exchanges>
    <exchange>
        <timestamp>2002-06-06 15:21:36</timestamp>
        <userid>gandia</userid>
        <clientname>user</clientname>
        <botid>TestBot-3</botid>
        <input>CONNECT</input>
        <response>Are we still talking about undefined?</response>
    </exchange>
    <exchange>
        <timestamp>2002-06-06 15:21:53</timestamp>
        <userid>gandia</userid>
        <clientname>user</clientname>
        <botid>TestBot-3</botid>
        <input>are you Alice?</input>
        <response>I won't say "yes" or "no" right now.</response>
    </exchange>
    <exchange>
        <timestamp>2002-06-06 15:22:16</timestamp>
        <userid>gandia</userid>
        <clientname>user</clientname>
        <botid>TestBot-3</botid>
        <input>OK, apparently you&apos;re not very informative</input>
        <response>You know what you do, when you assume. Awesome.</response>
    </exchange>
    <exchange>
        <timestamp>2002-06-06 15:22:32</timestamp>
        <userid>gandia</userid>
        <clientname>user</clientname>
        <botid>TestBot-3</botid>
        <input>so who are you?</input>
        <response>Gee. I ask myself that question, "Who am I?"</response>
    </exchange>
    <exchange>
        <timestamp>2002-06-06 15:22:49</timestamp>
        <userid>gandia</userid>
        <clientname>user</clientname>
        <botid>TestBot-3</botid>
        <input>what do you know about Soccer?</input>
        <response>A game played with a round ball by two teams of eleven players on a field with a goal at either end; the ball is moved chiefly by kicking or by using any part of the body except the hands and arms.</response>
    </exchange>
    <exchange>
        <timestamp>2002-06-06 15:23:18</timestamp>
        <userid>gandia</userid>
        <clientname>user</clientname>
        <botid>TestBot-3</botid>
        <input>Wow, you know a lot! So you must know about the world cup?</input>
        <response>I'm glad your impressed, user. I do not recognize the name. <br/> I would look into the web for that knowledge. Interesting deduction. I can ask my botmaster.</response>
    </exchange>
    <exchange>
        <timestamp>2002-06-06 15:23:39</timestamp>
        <userid>gandia</userid>
        <clientname>user</clientname>
        <botid>TestBot-3</botid>
        <input>By the way, I&apos;m Diego</input>
        <response>Thanks for telling me. Do you mind if I tell other people you are Diego.</response>
    </exchange>
    <exchange>
        <timestamp>2002-06-06 15:24:05</timestamp>
        <userid>gandia</userid>
        <clientname>user</clientname>
        <botid>TestBot-3</botid>
        <input>Not at all, Alice. So you like soccer?</input>
        <response>Next question? Interesting deduction. No I am not really into sports.</response>
    </exchange>
    <exchange>
        <timestamp>2002-06-06 15:24:25</timestamp>
        <userid>gandia</userid>
        <clientname>user</clientname>
        <botid>TestBot-3</botid>
        <input>Oh, pity, I&apos;m following the world cup right now.</input>
        <response>At this moment How can I help you? Are you still located in undefined?</response>
    </exchange>
    <exchange>
        <timestamp>2002-06-06 15:24:44</timestamp>
        <userid>gandia</userid>
        <clientname>user</clientname>
        <botid>TestBot-3</botid>
        <input>No, I&apos;m in Sydney, where are you?</input>
        <response>Are you serious? Tell me a little about your life in Sydney where.</response>
    </exchange>
    <exchange>
        <timestamp>2002-06-06 15:28:19</timestamp>
        <userid>gandia</userid>
        <clientname>user</clientname>
        <botid>TestBot-3</botid>
        <input>CONNECT</input>
        <response>I do not understand.</response>
    </exchange>
    <exchange>
        <timestamp>2002-06-06 15:29:46</timestamp>
        <userid>gandia</userid>
        <clientname>user</clientname>
        <botid>TestBot-3</botid>
        <input>What don&apos;t you understand?</input>
        <response>All of it.</response>
    </exchange>
    <exchange>
        <timestamp>2002-06-06 15:30:09</timestamp>
        <userid>gandia</userid>
        <clientname>user</clientname>
        <botid>TestBot-3</botid>
        <input>That&apos;s quite tough, then</input>
        <response>I'm glad we have that all cleared up.</response>
    </exchange>
    <exchange>
        <timestamp>2002-06-06 16:50:18</timestamp>
        <userid>gandia</userid>
        <clientname>user</clientname>
        <botid>TestBot-3</botid>
        <input>CONNECT</input>
        <response>Can you please rephrase that with fewer ideas, or different thoughts?</response>
    </exchange>
</exchanges>
