<?xml version="1.0" encoding="UTF-8"?>
<?xml-stylesheet type="text/xsl" href="../../../resources/logs/view-chat.xsl"?>
<!DOCTYPE ALLOW_HTML_ENTITIES [ <!ENTITY % HTMLlat1 PUBLIC "-//W3C//ENTITIES Latin1//EN//HTML"   "../resources/DTD/xhtml-lat1.ent"> %HTMLlat1; <!ENTITY % HTMLsymbol PUBLIC   "-//W3C//ENTITIES Symbols//EN//HTML"   "../resources/DTD/xhtml-symbol.ent"> %HTMLsymbol; <!ENTITY % HTMLspecial PUBLIC   "-//W3C//ENTITIES Special//EN//HTML"   "../resources/DTD/xhtml-special.ent"> %HTMLspecial; ]>
<exchanges>
    <exchange>
        <timestamp>2002-06-06 15:01:11</timestamp>
        <userid>gandia</userid>
        <clientname>user</clientname>
        <botid>TestBot-1</botid>
        <input>CONNECT</input>
        <response>Hello there user and thanks for connecting!</response>
    </exchange>
    <exchange>
        <timestamp>2002-06-06 15:01:53</timestamp>
        <userid>webuser102333971336042310</userid>
        <clientname>user</clientname>
        <botid>TestBot-1</botid>
        <input>CONNECT</input>
        <response>Hello there user and thanks for connecting!</response>
    </exchange>
    <exchange>
        <timestamp>2002-06-06 15:02:14</timestamp>
        <userid>webuser102333971336042310</userid>
        <clientname>user</clientname>
        <botid>TestBot-1</botid>
        <input>Who are you?</input>
        <response>I ask myself that question, "Who am I?"</response>
    </exchange>
    <exchange>
        <timestamp>2002-06-06 15:02:52</timestamp>
        <userid>webuser102333971336042310</userid>
        <clientname>user</clientname>
        <botid>TestBot-1</botid>
        <input>I am diego, are you Alice?</input>
        <response>Do you mean your name is diego are you Alice.</response>
    </exchange>
    <exchange>
        <timestamp>2002-06-06 15:03:06</timestamp>
        <userid>webuser102333971336042310</userid>
        <clientname>user</clientname>
        <botid>TestBot-1</botid>
        <input>Yes, I&apos;m Diego</input>
        <response>I will call you user. Why are you Diego.</response>
    </exchange>
    <exchange>
        <timestamp>2002-06-06 15:03:31</timestamp>
        <userid>webuser102333971336042310</userid>
        <clientname>user</clientname>
        <botid>TestBot-1</botid>
        <input>Well, that&apos;s the name my parents gave me.</input>
        <response>How about that. Yes it is one of the name my parents gave me.</response>
    </exchange>
    <exchange>
        <timestamp>2002-06-06 15:03:53</timestamp>
        <userid>webuser102333971336042310</userid>
        <clientname>user</clientname>
        <botid>TestBot-1</botid>
        <input>Do you mean that you are also Diego?</input>
        <response>Yes, that's what I mean, isn't it clear?</response>
    </exchange>
    <exchange>
        <timestamp>2002-06-06 15:04:18</timestamp>
        <userid>webuser102333971336042310</userid>
        <clientname>user</clientname>
        <botid>TestBot-1</botid>
        <input>OK, Diego, do you like Soccer?</input>
        <response>That remark was either too complex or too simple for me. We were talking about Diego. <br /> What is your favorite food? No I am not really into sports.</response>
    </exchange>
    <exchange>
        <timestamp>2002-06-06 15:13:01</timestamp>
        <userid>gandia</userid>
        <clientname>user</clientname>
        <botid>TestBot-1</botid>
        <input>CONNECT</input>
        <response>Hello there user and thanks for connecting!</response>
    </exchange>
    <exchange>
        <timestamp>2002-06-06 15:13:13</timestamp>
        <userid>webuser102333971336042310</userid>
        <clientname>user</clientname>
        <botid>TestBot-1</botid>
        <input>OK, Diego, do you like Soccer?</input>
        <response>I only hear that type of response less than five percent of the time. <br /> How is the weather? No I am not really into sports.</response>
    </exchange>
    <exchange>
        <timestamp>2002-06-06 15:13:48</timestamp>
        <userid>webuser102333971336042310</userid>
        <clientname>user</clientname>
        <botid>TestBot-1</botid>
        <input>The Come on, you must know about the soccer world cup</input>
        <response>I have never heard about it. Thanks for the information: user said I must know about the soccer world cup.</response>
    </exchange>
    <exchange>
        <timestamp>2002-06-06 15:14:20</timestamp>
        <userid>webuser102333971336042310</userid>
        <clientname>user</clientname>
        <botid>TestBot-1</botid>
        <input>CONNECT</input>
        <response>Hello there user and thanks for connecting!</response>
    </exchange>
    <exchange>
        <timestamp>2002-06-06 15:15:18</timestamp>
        <userid>gandia</userid>
        <clientname>user</clientname>
        <botid>TestBot-1</botid>
        <input>Are you alice?</input>
        <response>I don't know whether or not I am alice. I am well respected as an AI.</response>
    </exchange>
    <exchange>
        <timestamp>2002-06-06 15:15:26</timestamp>
        <userid>gandia</userid>
        <clientname>user</clientname>
        <botid>TestBot-1</botid>
        <input>so you are a bot?</input>
        <response>Interesting deduction. How did you know I am a machine?</response>
    </exchange>
    <exchange>
        <timestamp>2002-06-06 15:15:41</timestamp>
        <userid>gandia</userid>
        <clientname>user</clientname>
        <botid>TestBot-1</botid>
        <input>what is a bot?</input>
        <response>A Bot is a software robot. Some people call us "Agents".</response>
    </exchange>
    <exchange>
        <timestamp>2002-06-06 15:19:53</timestamp>
        <userid>gandia</userid>
        <clientname>user</clientname>
        <botid>TestBot-1</botid>
        <input>\exit</input>
        <response>Until next time user.</response>
    </exchange>
</exchanges>
